<?xml version='1.0' encoding='utf-8'?>
<Deployment AppPlatformVersion="$WPSdk$" xmlns="$WP8DeploymentSchema$">
    <DefaultLanguage code="en-US" xmlns="" />
    <Languages xmlns="">
        <Language code="en-US" />
    </Languages>
    <App BitsPerPixel="32" Genre="apps.normal" Description="$Description$" PublisherID="$WP8PublisherID$" Publisher="$WP8Publisher$" Author="$Author$" RuntimeType="Silverlight" Title="$DisplayName$" Version="$BundleVersion$" ProductID="$WP8ProductID$" xmlns="">
        <IconPath IsRelative="true" IsResource="false">App_Resources\WP8\ApplicationIcon.png</IconPath>
        <Capabilities>
            <!--NOTE: During the build process, this section is merged with settings from the Project Properties. -->
        </Capabilities>
        <Tasks>
            <DefaultTask Name="_default" NavigationPage="MainPage.xaml" />
        </Tasks>
        <Tokens>
            <PrimaryToken TaskName="_default" TokenID="$ProjectName$Token">
                <TemplateIconic>
                    <SmallImageURI IsRelative="true" IsResource="false">App_Resources\WP8\Tiles\Iconic\110x110.png</SmallImageURI>
                    <Count>0</Count>
                    <IconImageURI IsRelative="true" IsResource="false">App_Resources\WP8\Tiles\Iconic\202x202.png</IconImageURI>
                    <Title>$WP8TileTitle$</Title>
                    <HasLarge>false</HasLarge>
                    <DeviceLockImageURI IsRelative="true" IsResource="false" />
                </TemplateIconic>
            </PrimaryToken>
        </Tokens>
        <ScreenResolutions>
            <!--NOTE: During the build process, this section is merged with settings from the Project Properties. -->
            <ScreenResolution Name="ID_RESOLUTION_WVGA"/>
        </ScreenResolutions>
    </App>
</Deployment>